year,debt,change,primary_deficit,automatic_dynamics,real_interest,real_growth,exchange_rate,other_flows,residual,r,g,pi,source
# IMF Country Report No. 24/359 (Costa Rica: Post-Financing Assessment, Dec 2024), Annex II, Table 4 "Baseline Scenario", p. 32. Central government. Percent of GDP; memo items in percent.
# exchange_rate = the report's "relative inflation" line plus "real exchange rate" (shown only for 2023; blank = 0 in projections). The report does not publish the FX share or the depreciation path, so this channel is taken from the report, not rebuilt.
# real_interest = the report's "real interest rate" line; real_growth = "real growth rate". Transcribed by hand; the transcription check in reconcile.py runs first.
2023,61.1,,,,,,,,,,,,IMF CR 24/359 Annex II Table 4 p.32
2024,61.1,0.0,-1.26,2.0,4.8,-2.4,-0.5,-0.7,0.0,8.5,4.0,0.3,
2025,60.8,-0.3,-1.6,1.3,3.2,-2.1,0.2,0.0,-0.1,8.2,3.5,2.7,
2026,59.8,-1.0,-1.8,0.9,2.6,-2.1,0.3,0.0,-0.1,7.8,3.5,3.2,
2027,58.4,-1.4,-1.9,0.6,2.3,-2.0,0.3,0.0,-0.1,7.4,3.5,3.2,
2028,56.8,-1.5,-1.9,0.4,2.1,-2.0,0.2,0.0,-0.1,7.1,3.5,3.2,
2029,55.1,-1.7,-1.9,0.3,2.0,-1.9,0.2,0.0,-0.1,6.9,3.5,3.2,
2030,53.5,-1.7,-1.9,0.3,1.9,-1.8,0.2,0.0,-0.1,6.7,3.4,3.2,
2031,51.8,-1.7,-1.9,0.3,1.8,-1.8,0.2,0.0,-0.1,6.6,3.4,3.2,
2032,50.2,-1.6,-1.8,0.3,1.8,-1.7,0.2,0.0,-0.1,6.5,3.3,3.2,
2033,48.6,-1.6,-1.8,0.3,1.7,-1.6,0.2,0.0,-0.1,6.3,3.3,3.2,
